primer_name,sequence
P1_KRAS_inner_1,CACCCGAGAATTCCACGGGAGAGAGGCCTGCTGAA
P1_KRAS_inner_2,CACCCGAGAATTCCAACGGGAGAGAGGCCTGCTGAA
P1_KRAS_inner_3,CACCCGAGAATTCCATTCGGGAGAGAGGCCTGCTGAA
P1_KRAS_inner_4,CACCCGAGAATTCCACATCGGGAGAGAGGCCTGCTGAA
P1_KRAS_middle,ATTTCGGACTGGGAGCGAGC
P1_KRAS_outer,CTCGGCCAGTACTCCCGGC
P1_IDH2_inner_1,CACCCGAGAATTCCAGGCTGTCAAGTGTGCCACCA
P1_IDH2_inner_2,CACCCGAGAATTCCAAGGCTGTCAAGTGTGCCACCA
P1_IDH2_inner_3,CACCCGAGAATTCCATTGGCTGTCAAGTGTGCCACCA
P1_IDH2_inner_4,CACCCGAGAATTCCACATGGCTGTCAAGTGTGCCACCA
P1_IDH2_middle,GGCTCCCAAACCGTGACCAG
P1_IDH2_outer,GAAGCCCGTGGTGGAGATGG
P1_NRAS_inner_1,CACCCGAGAATTCCAACCTGTTTGTTGGACATACTGGA
P1_NRAS_inner_2,CACCCGAGAATTCCAAACCTGTTTGTTGGACATACTGGA
P1_NRAS_inner_3,CACCCGAGAATTCCATTACCTGTTTGTTGGACATACTGGA
P1_NRAS_inner_4,CACCCGAGAATTCCACATACCTGTTTGTTGGACATACTGGA
P1_NRAS_middle,CTGGTGGTGGTTGGAGCAGG
P1_NRAS_outer,CTCCTTGGTGGGGGCTGTTC
